{
"meta":{"test_sets":[],"test_metrics":[],"learn_metrics":[{"best_value":"Min","name":"Logloss"}],"launch_mode":"Train","parameters":"","iteration_count":100,"learn_sets":["learn"],"name":"experiment"},
"iterations":[
{"learn":[0.5963234463],"iteration":0,"passed_time":0.1049167501,"remaining_time":10.38675826},
{"learn":[0.5299624849],"iteration":1,"passed_time":0.1101245331,"remaining_time":5.396102121},
{"learn":[0.4830929736],"iteration":2,"passed_time":0.1129292706,"remaining_time":3.65137975},
{"learn":[0.4449579708],"iteration":3,"passed_time":0.1159220051,"remaining_time":2.782128124},
{"learn":[0.4180894669],"iteration":4,"passed_time":0.1186354145,"remaining_time":2.254072875},
{"learn":[0.3966790627],"iteration":5,"passed_time":0.123427029,"remaining_time":1.933690121},
{"learn":[0.3804183572],"iteration":6,"passed_time":0.1260592628,"remaining_time":1.674787349},
{"learn":[0.3683093898],"iteration":7,"passed_time":0.1286764398,"remaining_time":1.479779058},
{"learn":[0.3578358774],"iteration":8,"passed_time":0.1310025314,"remaining_time":1.324581151},
{"learn":[0.3500870829],"iteration":9,"passed_time":0.1339356554,"remaining_time":1.205420899},
{"learn":[0.3440979527],"iteration":10,"passed_time":0.1391766852,"remaining_time":1.126065908},
{"learn":[0.3382167109],"iteration":11,"passed_time":0.1418772905,"remaining_time":1.040433464},
{"learn":[0.3342745506],"iteration":12,"passed_time":0.1444810434,"remaining_time":0.9669115983},
{"learn":[0.3297826024],"iteration":13,"passed_time":0.1474175845,"remaining_time":0.9055651619},
{"learn":[0.3264057275],"iteration":14,"passed_time":0.1510304208,"remaining_time":0.8558390511},
{"learn":[0.3236326084],"iteration":15,"passed_time":0.1547235859,"remaining_time":0.8122988258},
{"learn":[0.320668546],"iteration":16,"passed_time":0.157312603,"remaining_time":0.7680556498},
{"learn":[0.3185787543],"iteration":17,"passed_time":0.1598302097,"remaining_time":0.7281153999},
{"learn":[0.316599668],"iteration":18,"passed_time":0.1624942286,"remaining_time":0.6927385537},
{"learn":[0.3151090733],"iteration":19,"passed_time":0.1665817655,"remaining_time":0.6663270621},
{"learn":[0.3131982765],"iteration":20,"passed_time":0.1693012247,"remaining_time":0.6368950833},
{"learn":[0.3114805517],"iteration":21,"passed_time":0.1717913632,"remaining_time":0.6090784696},
{"learn":[0.3101626039],"iteration":22,"passed_time":0.174286159,"remaining_time":0.5834797497},
{"learn":[0.3095107698],"iteration":23,"passed_time":0.1763543834,"remaining_time":0.5584555474},
{"learn":[0.3081207369],"iteration":24,"passed_time":0.1787928425,"remaining_time":0.5363785275},
{"learn":[0.3072677399],"iteration":25,"passed_time":0.1833914372,"remaining_time":0.5219602444},
{"learn":[0.30637337],"iteration":26,"passed_time":0.1860534308,"remaining_time":0.50303335},
{"learn":[0.305472954],"iteration":27,"passed_time":0.1886822922,"remaining_time":0.485183037},
{"learn":[0.3048681956],"iteration":28,"passed_time":0.1914661817,"remaining_time":0.4687620311},
{"learn":[0.3039346127],"iteration":29,"passed_time":0.1941597,"remaining_time":0.4530393001},
{"learn":[0.3034505023],"iteration":30,"passed_time":0.1989165185,"remaining_time":0.4427496702},
{"learn":[0.3030979923],"iteration":31,"passed_time":0.2016130597,"remaining_time":0.4284277518},
{"learn":[0.302660746],"iteration":32,"passed_time":0.2044261411,"remaining_time":0.4150470138},
{"learn":[0.3022140892],"iteration":33,"passed_time":0.2070718799,"remaining_time":0.401963061},
{"learn":[0.3017809321],"iteration":34,"passed_time":0.2097988363,"remaining_time":0.3896264103},
{"learn":[0.3016705358],"iteration":35,"passed_time":0.2131506578,"remaining_time":0.3789345028},
{"learn":[0.301431265],"iteration":36,"passed_time":0.2158663478,"remaining_time":0.3675562137},
{"learn":[0.3009372391],"iteration":37,"passed_time":0.2186389295,"remaining_time":0.3567266745},
{"learn":[0.3005242538],"iteration":38,"passed_time":0.2213324993,"remaining_time":0.3461867296},
{"learn":[0.2998465056],"iteration":39,"passed_time":0.2241093398,"remaining_time":0.3361640096},
{"learn":[0.2996107079],"iteration":40,"passed_time":0.2284722641,"remaining_time":0.3287771605},
{"learn":[0.2992610044],"iteration":41,"passed_time":0.2313999431,"remaining_time":0.3195523024},
{"learn":[0.2989592402],"iteration":42,"passed_time":0.2345719549,"remaining_time":0.3109442193},
{"learn":[0.2987248753],"iteration":43,"passed_time":0.2375156225,"remaining_time":0.3022926105},
{"learn":[0.2984478823],"iteration":44,"passed_time":0.2400909047,"remaining_time":0.293444439},
{"learn":[0.2980968706],"iteration":45,"passed_time":0.2445419398,"remaining_time":0.2870709728},
{"learn":[0.2976597128],"iteration":46,"passed_time":0.2474045044,"remaining_time":0.2789880581},
{"learn":[0.297432543],"iteration":47,"passed_time":0.2506712716,"remaining_time":0.2715605443},
{"learn":[0.2971122012],"iteration":48,"passed_time":0.2536123781,"remaining_time":0.2639639037},
{"learn":[0.2968868457],"iteration":49,"passed_time":0.2562803525,"remaining_time":0.2562803525},
{"learn":[0.2965371624],"iteration":50,"passed_time":0.2609893374,"remaining_time":0.2507544614},
{"learn":[0.2963527944],"iteration":51,"passed_time":0.2637342572,"remaining_time":0.2434470066},
{"learn":[0.2961570239],"iteration":52,"passed_time":0.2667760232,"remaining_time":0.236574964},
{"learn":[0.2959413852],"iteration":53,"passed_time":0.2694795679,"remaining_time":0.2295566689},
{"learn":[0.2957117665],"iteration":54,"passed_time":0.2721947532,"remaining_time":0.222704798},
{"learn":[0.2954677584],"iteration":55,"passed_time":0.2767057923,"remaining_time":0.2174116939},
{"learn":[0.2952198092],"iteration":56,"passed_time":0.2794884333,"remaining_time":0.2108421514},
{"learn":[0.2949671913],"iteration":57,"passed_time":0.2827095263,"remaining_time":0.2047206914},
{"learn":[0.2947888064],"iteration":58,"passed_time":0.2864381286,"remaining_time":0.199050225},
{"learn":[0.2946322506],"iteration":59,"passed_time":0.2917224181,"remaining_time":0.1944816121},
{"learn":[0.2945103294],"iteration":60,"passed_time":0.2950998452,"remaining_time":0.1886703928},
{"learn":[0.2942644657],"iteration":61,"passed_time":0.2987619312,"remaining_time":0.1831121514},
{"learn":[0.2940299686],"iteration":62,"passed_time":0.3022463701,"remaining_time":0.1775097729},
{"learn":[0.2938436877],"iteration":63,"passed_time":0.3083568278,"remaining_time":0.1734507156},
{"learn":[0.2936579563],"iteration":64,"passed_time":0.3116795155,"remaining_time":0.1678274314},
{"learn":[0.2932601973],"iteration":65,"passed_time":0.3150278627,"remaining_time":0.1622870808},
{"learn":[0.2931344189],"iteration":66,"passed_time":0.3194090697,"remaining_time":0.1573208851},
{"learn":[0.2929493845],"iteration":67,"passed_time":0.3250588415,"remaining_time":0.1529688666},
{"learn":[0.292771961],"iteration":68,"passed_time":0.3281438073,"remaining_time":0.1474269279},
{"learn":[0.2926338476],"iteration":69,"passed_time":0.3315165443,"remaining_time":0.142078519},
{"learn":[0.2924582464],"iteration":70,"passed_time":0.3354581678,"remaining_time":0.1370181249},
{"learn":[0.2923493852],"iteration":71,"passed_time":0.3416084209,"remaining_time":0.1328477193},
{"learn":[0.2922415301],"iteration":72,"passed_time":0.3459011304,"remaining_time":0.1279360345},
{"learn":[0.2920498933],"iteration":73,"passed_time":0.3496935465,"remaining_time":0.1228653001},
{"learn":[0.2917826598],"iteration":74,"passed_time":0.3567636533,"remaining_time":0.1189212178},
{"learn":[0.2915543604],"iteration":75,"passed_time":0.3609725419,"remaining_time":0.113991329},
{"learn":[0.2914643213],"iteration":76,"passed_time":0.3651047463,"remaining_time":0.1090572619},
{"learn":[0.291390681],"iteration":77,"passed_time":0.3714670231,"remaining_time":0.1047727501},
{"learn":[0.2912989145],"iteration":78,"passed_time":0.3755284886,"remaining_time":0.0998240286},
{"learn":[0.2912314944],"iteration":79,"passed_time":0.3792723288,"remaining_time":0.09481808221},
{"learn":[0.2911683704],"iteration":80,"passed_time":0.3834291631,"remaining_time":0.08994017406},
{"learn":[0.2908724912],"iteration":81,"passed_time":0.3934844567,"remaining_time":0.08637463684},
{"learn":[0.2907270288],"iteration":82,"passed_time":0.4002980182,"remaining_time":0.08198875072},
{"learn":[0.2906165496],"iteration":83,"passed_time":0.4078802032,"remaining_time":0.07769146727},
{"learn":[0.2905722265],"iteration":84,"passed_time":0.4276923485,"remaining_time":0.07547512032},
{"learn":[0.290401267],"iteration":85,"passed_time":0.4421402318,"remaining_time":0.07197631681},
{"learn":[0.2901843286],"iteration":86,"passed_time":0.4456805735,"remaining_time":0.06659594777},
{"learn":[0.2900813226],"iteration":87,"passed_time":0.4566273099,"remaining_time":0.06226736044},
{"learn":[0.2900013829],"iteration":88,"passed_time":0.4734180991,"remaining_time":0.05851234933},
{"learn":[0.2898783821],"iteration":89,"passed_time":0.5050061702,"remaining_time":0.05611179668},
{"learn":[0.2898208917],"iteration":90,"passed_time":0.5183692548,"remaining_time":0.05126728893},
{"learn":[0.2897306817],"iteration":91,"passed_time":0.5238218676,"remaining_time":0.04554972762},
{"learn":[0.2896892138],"iteration":92,"passed_time":0.528459165,"remaining_time":0.03977649629},
{"learn":[0.2896354356],"iteration":93,"passed_time":0.5315581919,"remaining_time":0.03392924629},
{"learn":[0.2895896215],"iteration":94,"passed_time":0.5349886472,"remaining_time":0.02815729722},
{"learn":[0.2895178897],"iteration":95,"passed_time":0.5384512052,"remaining_time":0.02243546688},
{"learn":[0.2893472766],"iteration":96,"passed_time":0.5436083493,"remaining_time":0.01681262936},
{"learn":[0.2892367646],"iteration":97,"passed_time":0.5469019596,"remaining_time":0.01116126448},
{"learn":[0.2890828704],"iteration":98,"passed_time":0.5492087559,"remaining_time":0.005547563191},
{"learn":[0.2890275355],"iteration":99,"passed_time":0.5516256172,"remaining_time":0}
]}